ip,method,uri_full,uri_norm,timestamp,status,label,attack_tags,anomaly_score
10.34.239.41,GET,/,/,1776396281,302,normal,,
10.34.239.41,GET,/TEST,/TEST,1776396281,200,normal,,
10.34.239.41,GET,/lib/pkp/styles/fontawesome/fontawesome.css?v=3.3.0.21,/lib/pkp/styles/fontawesome/fontawesome.css?v=3.3.0.21,1776396281,200,normal,,
10.34.239.41,GET,/TEST/$$$call$$$/page/page/css?name=stylesheet,/TEST/$$$call$$$/page/page/css?name=stylesheet,1776396281,200,normal,,
10.34.239.41,GET,/TEST/$$$call$$$/page/page/css?name=font,/TEST/$$$call$$$/page/page/css?name=font,1776396281,200,normal,,
10.34.239.41,GET,/templates/images/ojs_brand.png,/templates/images/ojs_brand.png,1776396281,200,normal,,
10.34.239.41,GET,/lib/pkp/styles/fontawesome/fontawesome-webfont.woff2?v=4.7.0,/lib/pkp/styles/fontawesome/fontawesome-webfont.woff2?v=4.7.0,1776396281,200,normal,,
10.34.239.41,GET,/lib/pkp/styles/fonts/noto-sans-v11-vietnamese_latin-ext_latin_greek-ext_greek_devanagari_cyrillic-ext_cyrillic-700.woff2,/lib/pkp/styles/fonts/noto-sans-v11-vietnamese_latin-ext_latin_greek-ext_greek_devanagari_cyrillic-ext_cyrillic-700.woff2,1776396281,200,normal,,
10.34.239.41,GET,/lib/pkp/styles/fonts/noto-sans-v11-vietnamese_latin-ext_latin_greek-ext_greek_devanagari_cyrillic-ext_cyrillic-regular.woff2,/lib/pkp/styles/fonts/noto-sans-v11-vietnamese_latin-ext_latin_greek-ext_greek_devanagari_cyrillic-ext_cyrillic-regular.woff2,1776396281,200,normal,,
10.34.239.41,GET,/lib/pkp/lib/vendor/components/jqueryui/jquery-ui.min.js?v=3.3.0.21,/lib/pkp/lib/vendor/components/jqueryui/jquery-ui.min.js?v=3.3.0.21,1776396281,304,normal,,
10.34.239.41,GET,/lib/pkp/lib/vendor/components/jquery/jquery.min.js?v=3.3.0.21,/lib/pkp/lib/vendor/components/jquery/jquery.min.js?v=3.3.0.21,1776396281,304,normal,,
10.34.239.41,GET,/plugins/themes/default/js/lib/popper/popper.js?v=3.3.0.21,/plugins/themes/default/js/lib/popper/popper.js?v=3.3.0.21,1776396281,304,normal,,
10.34.239.41,GET,/plugins/themes/default/js/lib/bootstrap/dropdown.js?v=3.3.0.21,/plugins/themes/default/js/lib/bootstrap/dropdown.js?v=3.3.0.21,1776396281,304,normal,,
10.34.239.41,GET,/plugins/themes/default/js/lib/bootstrap/util.js?v=3.3.0.21,/plugins/themes/default/js/lib/bootstrap/util.js?v=3.3.0.21,1776396281,304,normal,,
10.34.239.41,GET,/plugins/themes/default/js/main.js?v=3.3.0.21,/plugins/themes/default/js/main.js?v=3.3.0.21,1776396281,304,normal,,
10.34.239.41,GET,/plugins/themes/default/js/lib/bootstrap/util.js?v=3.3.0.21,/plugins/themes/default/js/lib/bootstrap/util.js?v=3.3.0.21,1776396282,200,normal,,
10.34.239.41,GET,/lib/pkp/lib/vendor/components/jquery/jquery.min.js?v=3.3.0.21,/lib/pkp/lib/vendor/components/jquery/jquery.min.js?v=3.3.0.21,1776396282,200,normal,,
10.34.239.41,GET,/plugins/themes/default/js/lib/bootstrap/dropdown.js?v=3.3.0.21,/plugins/themes/default/js/lib/bootstrap/dropdown.js?v=3.3.0.21,1776396282,200,normal,,
10.34.239.41,GET,/plugins/themes/default/js/lib/popper/popper.js?v=3.3.0.21,/plugins/themes/default/js/lib/popper/popper.js?v=3.3.0.21,1776396282,200,normal,,
10.34.239.41,GET,/plugins/themes/default/js/main.js?v=3.3.0.21,/plugins/themes/default/js/main.js?v=3.3.0.21,1776396282,200,normal,,
10.34.239.41,GET,/lib/pkp/lib/vendor/components/jqueryui/jquery-ui.min.js?v=3.3.0.21,/lib/pkp/lib/vendor/components/jqueryui/jquery-ui.min.js?v=3.3.0.21,1776396282,200,normal,,
10.34.239.41,GET,/TEST/issue/archive,/TEST/issue/archive,1776396291,200,normal,,
10.34.239.41,GET,/TEST/user/register,/TEST/user/register,1776396295,200,normal,,
10.34.239.41,GET,/lib/pkp/styles/fonts/noto-sans-v11-vietnamese_latin-ext_latin_greek-ext_greek_devanagari_cyrillic-ext_cyrillic-italic.woff2,/lib/pkp/styles/fonts/noto-sans-v11-vietnamese_latin-ext_latin_greek-ext_greek_devanagari_cyrillic-ext_cyrillic-italic.woff2,1776396295,200,normal,,
10.34.239.41,GET,/TEST/login,/TEST/login,1776396301,200,normal,,
10.34.239.41,GET,/TEST/user/register,/TEST/user/register,1776396303,200,normal,,
10.34.239.41,GET,/TEST/login,/TEST/login,1776396329,200,normal,,
10.34.239.41,POST,/TEST/login/signIn,/TEST/login/signIn,1776396331,302,normal,,
10.34.239.41,GET,/TEST/submissions,/TEST/submissions,1776396331,200,normal,,
10.34.239.41,GET,/styles/build.css?v=3.3.0.21,/styles/build.css?v=3.3.0.21,1776396331,200,normal,,
10.34.239.41,GET,/lib/pkp/js/lib/jquery/plugins/validate/jquery.validate.min.js?v=3.3.0.21,/lib/pkp/js/lib/jquery/plugins/validate/jquery.validate.min.js?v=3.3.0.21,1776396331,200,normal,,
10.34.239.41,GET,/lib/pkp/lib/vendor/moxiecode/plupload/js/jquery.ui.plupload/jquery.ui.plupload.js?v=3.3.0.21,/lib/pkp/lib/vendor/moxiecode/plupload/js/jquery.ui.plupload/jquery.ui.plupload.js?v=3.3.0.21,1776396331,200,normal,,
10.34.239.41,GET,/lib/pkp/lib/vendor/moxiecode/plupload/js/i18n/en.js?v=3.3.0.21,/lib/pkp/lib/vendor/moxiecode/plupload/js/i18n/en.js?v=3.3.0.21,1776396331,200,normal,,
10.34.239.41,GET,/TEST/$$$call$$$/page/page/css?v=3.3.0.21,/TEST/$$$call$$$/page/page/css?v=3.3.0.21,1776396331,200,normal,,
10.34.239.41,GET,/lib/pkp/lib/vendor/moxiecode/plupload/js/plupload.full.min.js?v=3.3.0.21,/lib/pkp/lib/vendor/moxiecode/plupload/js/plupload.full.min.js?v=3.3.0.21,1776396331,200,normal,,
10.34.239.41,GET,/lib/pkp/lib/vendor/moxiecode/plupload/js/i18n/en.js?v=3.3.0.21,/lib/pkp/lib/vendor/moxiecode/plupload/js/i18n/en.js?v=3.3.0.21,1776396331,200,normal,,
10.34.239.41,GET,/lib/pkp/js/lib/jquery/plugins/validate/jquery.validate.min.js?v=3.3.0.21,/lib/pkp/js/lib/jquery/plugins/validate/jquery.validate.min.js?v=3.3.0.21,1776396331,200,normal,,
10.34.239.41,GET,/lib/pkp/lib/vendor/moxiecode/plupload/js/jquery.ui.plupload/jquery.ui.plupload.js?v=3.3.0.21,/lib/pkp/lib/vendor/moxiecode/plupload/js/jquery.ui.plupload/jquery.ui.plupload.js?v=3.3.0.21,1776396331,200,normal,,
10.34.239.41,GET,/lib/pkp/lib/vendor/tinymce/tinymce/tinymce.min.js?v=3.3.0.21,/lib/pkp/lib/vendor/tinymce/tinymce/tinymce.min.js?v=3.3.0.21,1776396332,200,normal,,
10.34.239.41,GET,/js/pkp.min.js?v=3.3.0.21,/js/pkp.min.js?v=3.3.0.21,1776396332,200,normal,,
10.34.239.41,GET,/lib/pkp/lib/vendor/moxiecode/plupload/js/plupload.full.min.js?v=3.3.0.21,/lib/pkp/lib/vendor/moxiecode/plupload/js/plupload.full.min.js?v=3.3.0.21,1776396332,200,normal,,
10.34.239.41,GET,/js/build.js?v=3.3.0.21,/js/build.js?v=3.3.0.21,1776396332,200,normal,,
10.34.239.41,GET,/js/pkp.min.js?v=3.3.0.21,/js/pkp.min.js?v=3.3.0.21,1776396332,200,normal,,
10.34.239.41,GET,/lib/pkp/lib/vendor/tinymce/tinymce/tinymce.min.js?v=3.3.0.21,/lib/pkp/lib/vendor/tinymce/tinymce/tinymce.min.js?v=3.3.0.21,1776396332,200,normal,,
10.34.239.41,GET,/TEST/api/v1/_submissions?status=1&assignedTo=-1&searchPhrase=&count=30&offset=0&_=1776396331998,/TEST/api/v1/_submissions?status=1&assignedTo=-1&searchPhrase=&count=30&offset=0&_=1776396331998,1776396333,200,normal,,
10.34.239.41,GET,/TEST/api/v1/_submissions?status=1&searchPhrase=&count=30&offset=0&_=1776396331999,/TEST/api/v1/_submissions?status=1&searchPhrase=&count=30&offset=0&_=1776396331999,1776396333,200,normal,,
10.34.239.41,GET,/TEST/api/v1/_submissions?status%5B%5D=4&status%5B%5D=3&status%5B%5D=5&searchPhrase=&count=30&offset=0&_=1776396332000,/TEST/api/v1/_submissions?status[]=4&status[]=3&status[]=5&searchPhrase=&count=30&offset=0&_=1776396332000,1776396333,200,normal,,
10.34.239.41,GET,/js/build.js?v=3.3.0.21,/js/build.js?v=3.3.0.21,1776396333,200,normal,,
10.34.239.41,GET,/TEST/workflow/access/2,/TEST/workflow/access/2,1776396346,302,normal,,
10.34.239.41,GET,/TEST/workflow/index/2/1,/TEST/workflow/index/2/1,1776396346,200,normal,,
10.34.239.41,GET,/lib/pkp/lib/vendor/tinymce/tinymce/themes/modern/theme.min.js,/lib/pkp/lib/vendor/tinymce/tinymce/themes/modern/theme.min.js,1776396346,200,normal,,
10.34.239.41,POST,/TEST/notification/fetchNotification,/TEST/notification/fetchNotification,1776396346,200,normal,,
10.34.239.41,GET,/lib/pkp/lib/vendor/tinymce/tinymce/themes/modern/theme.min.js,/lib/pkp/lib/vendor/tinymce/tinymce/themes/modern/theme.min.js,1776396346,200,normal,,
10.34.239.41,GET,/plugins/generic/tinymce/plugins/pkpWordcount/plugin.js,/plugins/generic/tinymce/plugins/pkpWordcount/plugin.js,1776396346,200,normal,,
10.34.239.41,GET,/plugins/generic/tinymce/plugins/pkpTags/plugin.js,/plugins/generic/tinymce/plugins/pkpTags/plugin.js,1776396346,200,normal,,
10.34.239.41,GET,/TEST/workflow/submissionProgressBar?submissionId=2&stageId=1&contextId=submission&_=1776396346557,/TEST/workflow/submissionProgressBar?submissionId=2&stageId=1&contextId=submission&_=1776396346557,1776396346,200,normal,,
10.34.239.41,GET,/plugins/generic/tinymce/plugins/pkpTags/plugin.js,/plugins/generic/tinymce/plugins/pkpTags/plugin.js,1776396346,200,normal,,
10.34.239.41,GET,/lib/pkp/lib/vendor/tinymce/tinymce/plugins/link/plugin.min.js,/lib/pkp/lib/vendor/tinymce/tinymce/plugins/link/plugin.min.js,1776396346,200,normal,,
10.34.239.41,GET,/plugins/generic/tinymce/plugins/pkpWordcount/plugin.js,/plugins/generic/tinymce/plugins/pkpWordcount/plugin.js,1776396346,200,normal,,
10.34.239.41,GET,/lib/pkp/lib/vendor/tinymce/tinymce/plugins/noneditable/plugin.min.js,/lib/pkp/lib/vendor/tinymce/tinymce/plugins/noneditable/plugin.min.js,1776396346,200,normal,,
10.34.239.41,GET,/lib/pkp/lib/vendor/tinymce/tinymce/plugins/paste/plugin.min.js,/lib/pkp/lib/vendor/tinymce/tinymce/plugins/paste/plugin.min.js,1776396346,200,normal,,
10.34.239.41,GET,/lib/pkp/lib/vendor/tinymce/tinymce/plugins/noneditable/plugin.min.js,/lib/pkp/lib/vendor/tinymce/tinymce/plugins/noneditable/plugin.min.js,1776396347,200,normal,,
10.34.239.41,GET,/lib/pkp/lib/vendor/tinymce/tinymce/plugins/paste/plugin.min.js,/lib/pkp/lib/vendor/tinymce/tinymce/plugins/paste/plugin.min.js,1776396347,200,normal,,
10.34.239.41,GET,/lib/pkp/lib/vendor/tinymce/tinymce/plugins/link/plugin.min.js,/lib/pkp/lib/vendor/tinymce/tinymce/plugins/link/plugin.min.js,1776396347,200,normal,,
10.34.239.41,GET,/lib/pkp/lib/vendor/tinymce/tinymce/skins/lightgray/content.inline.min.css,/lib/pkp/lib/vendor/tinymce/tinymce/skins/lightgray/content.inline.min.css,1776396347,200,normal,,
10.34.239.41,GET,/lib/pkp/lib/vendor/tinymce/tinymce/skins/lightgray/skin.min.css,/lib/pkp/lib/vendor/tinymce/tinymce/skins/lightgray/skin.min.css,1776396347,200,normal,,
10.34.239.41,GET,/TEST/$$$call$$$/tab/workflow/workflow-tab/fetch-tab?submissionId=2&stageId=1&_=1776396346558,/TEST/$$$call$$$/tab/workflow/workflow-tab/fetch-tab?submissionId=2&stageId=1&_=1776396346558,1776396347,200,normal,,
10.34.239.41,GET,/TEST/$$$call$$$/grid/article-galleys/article-galley-grid/fetch-grid?submissionId=2&publicationId=2&_=1776396346560,/TEST/$$$call$$$/grid/article-galleys/article-galley-grid/fetch-grid?submissionId=2&publicationId=2&_=1776396346560,1776396347,200,normal,,
10.34.239.41,GET,/TEST/$$$call$$$/grid/users/author/author-grid/fetch-grid?submissionId=2&publicationId=2&_=1776396346559,/TEST/$$$call$$$/grid/users/author/author-grid/fetch-grid?submissionId=2&publicationId=2&_=1776396346559,1776396347,200,normal,,
10.34.239.41,GET,/TEST/$$$call$$$/grid/files/submission/editor-submission-details-files-grid/fetch-grid?submissionId=2&stageId=1&_=1776396346563,/TEST/$$$call$$$/grid/files/submission/editor-submission-details-files-grid/fetch-grid?submissionId=2&stageId=1&_=1776396346563,1776396347,200,normal,,
10.34.239.41,GET,/TEST/$$$call$$$/grid/users/stage-participant/stage-participant-grid/fetch-grid?submissionId=2&stageId=1&_=1776396346562,/TEST/$$$call$$$/grid/users/stage-participant/stage-participant-grid/fetch-grid?submissionId=2&stageId=1&_=1776396346562,1776396347,200,normal,,
10.34.239.41,GET,/TEST/workflow/editorDecisionActions?submissionId=2&stageId=1&contextId=submission&_=1776396346561,/TEST/workflow/editorDecisionActions?submissionId=2&stageId=1&contextId=submission&_=1776396346561,1776396347,200,normal,,
10.34.239.41,GET,/TEST/$$$call$$$/grid/queries/queries-grid/fetch-grid?submissionId=2&stageId=1&_=1776396346564,/TEST/$$$call$$$/grid/queries/queries-grid/fetch-grid?submissionId=2&stageId=1&_=1776396346564,1776396347,200,normal,,
10.34.239.41,GET,/TEST/$$$call$$$/grid/queries/queries-grid/read-query?submissionId=2&stageId=1&queryId=2&_=1776396346565,/TEST/$$$call$$$/grid/queries/queries-grid/read-query?submissionId=2&stageId=1&queryId=2&_=1776396346565,1776396353,200,normal,,
10.34.239.41,GET,/TEST/$$$call$$$/grid/queries/queries-grid/participants?queryId=2&submissionId=2&stageId=1&_=1776396346566,/TEST/$$$call$$$/grid/queries/queries-grid/participants?queryId=2&submissionId=2&stageId=1&_=1776396346566,1776396353,200,normal,,
10.34.239.41,GET,/TEST/$$$call$$$/grid/queries/query-notes-grid/fetch-grid?queryId=2&submissionId=2&stageId=1&_=1776396346567,/TEST/$$$call$$$/grid/queries/query-notes-grid/fetch-grid?queryId=2&submissionId=2&stageId=1&_=1776396346567,1776396353,200,normal,,
10.34.239.41,GET,/TEST/$$$call$$$/page/page/tasks?_=1776396346568,/TEST/$$$call$$$/page/page/tasks?_=1776396346568,1776396358,200,normal,,
10.34.239.41,GET,/TEST/$$$call$$$/grid/notifications/task-notifications-grid/fetch-grid?_=1776396346569,/TEST/$$$call$$$/grid/notifications/task-notifications-grid/fetch-grid?_=1776396346569,1776396358,200,normal,,
10.34.239.41,GET,/TEST/workflow/index/2/a,/TEST/workflow/index/2/a,1776396359,302,normal,,
10.34.239.41,GET,/TEST/user/authorizationDenied?message=user.authorization.workflowStageRequired,/TEST/user/authorizationDenied?message=user.authorization.workflowStageRequired,1776396359,200,normal,,
10.34.239.41,GET,/TEST/workflow/index/2/1,/TEST/workflow/index/2/1,1776398177,200,normal,,
10.34.239.41,POST,/TEST/notification/fetchNotification,/TEST/notification/fetchNotification,1776398177,200,normal,,
10.34.239.41,GET,/TEST/workflow/submissionProgressBar?submissionId=2&stageId=1&contextId=submission&_=1776398177635,/TEST/workflow/submissionProgressBar?submissionId=2&stageId=1&contextId=submission&_=1776398177635,1776398177,200,normal,,
10.34.239.41,GET,/TEST/$$$call$$$/tab/workflow/workflow-tab/fetch-tab?submissionId=2&stageId=1&_=1776398177636,/TEST/$$$call$$$/tab/workflow/workflow-tab/fetch-tab?submissionId=2&stageId=1&_=1776398177636,1776398178,200,normal,,
10.34.239.41,GET,/TEST/$$$call$$$/grid/files/submission/editor-submission-details-files-grid/fetch-grid?submissionId=2&stageId=1&_=1776398177639,/TEST/$$$call$$$/grid/files/submission/editor-submission-details-files-grid/fetch-grid?submissionId=2&stageId=1&_=1776398177639,1776398178,200,normal,,
10.34.239.41,GET,/TEST/$$$call$$$/grid/users/stage-participant/stage-participant-grid/fetch-grid?submissionId=2&stageId=1&_=1776398177638,/TEST/$$$call$$$/grid/users/stage-participant/stage-participant-grid/fetch-grid?submissionId=2&stageId=1&_=1776398177638,1776398178,200,normal,,
10.34.239.41,GET,/TEST/$$$call$$$/grid/queries/queries-grid/fetch-grid?submissionId=2&stageId=1&_=1776398177640,/TEST/$$$call$$$/grid/queries/queries-grid/fetch-grid?submissionId=2&stageId=1&_=1776398177640,1776398178,200,normal,,
10.34.239.41,GET,/TEST/workflow/editorDecisionActions?submissionId=2&stageId=1&contextId=submission&_=1776398177637,/TEST/workflow/editorDecisionActions?submissionId=2&stageId=1&contextId=submission&_=1776398177637,1776398178,200,normal,,
10.34.239.41,GET,/TEST/$$$call$$$/grid/article-galleys/article-galley-grid/fetch-grid?submissionId=2&publicationId=2&_=1776398177642,/TEST/$$$call$$$/grid/article-galleys/article-galley-grid/fetch-grid?submissionId=2&publicationId=2&_=1776398177642,1776398178,200,normal,,
10.34.239.41,GET,/TEST/$$$call$$$/grid/users/author/author-grid/fetch-grid?submissionId=2&publicationId=2&_=1776398177641,/TEST/$$$call$$$/grid/users/author/author-grid/fetch-grid?submissionId=2&publicationId=2&_=1776398177641,1776398178,200,normal,,
10.34.239.41,GET,/TEST/submissions,/TEST/submissions,1776398535,200,normal,,
10.34.239.41,GET,/TEST/api/v1/_submissions?status=1&assignedTo=-1&searchPhrase=&count=30&offset=0&_=1776398536018,/TEST/api/v1/_submissions?status=1&assignedTo=-1&searchPhrase=&count=30&offset=0&_=1776398536018,1776398536,200,normal,,
10.34.239.41,GET,/TEST/api/v1/_submissions?status=1&searchPhrase=&count=30&offset=0&_=1776398536019,/TEST/api/v1/_submissions?status=1&searchPhrase=&count=30&offset=0&_=1776398536019,1776398536,200,normal,,
10.34.239.41,GET,/TEST/api/v1/_submissions?status%5B%5D=4&status%5B%5D=3&status%5B%5D=5&searchPhrase=&count=30&offset=0&_=1776398536020,/TEST/api/v1/_submissions?status[]=4&status[]=3&status[]=5&searchPhrase=&count=30&offset=0&_=1776398536020,1776398536,200,normal,,
10.34.239.41,GET,/TEST/login/signOut,/TEST/login/signOut,1776398564,302,normal,,
10.34.239.41,GET,/TEST/login,/TEST/login,1776398564,200,normal,,
10.34.239.41,POST,/TEST/login/signIn,/TEST/login/signIn,1776398570,200,malicious,attack-generic|attack-sqli|attack-protocol,8
10.34.239.41,POST,/TEST/login/signIn,/TEST/login/signIn,1776398598,200,malicious,attack-generic|attack-sqli|attack-protocol,8
10.34.239.41,POST,/TEST/login/signIn,/TEST/login/signIn,1776407974,302,normal,,
10.34.239.41,GET,/TEST/submissions,/TEST/submissions,1776407974,200,normal,,
10.34.239.41,GET,/TEST/api/v1/_submissions?status=1&assignedTo=-1&searchPhrase=&count=30&offset=0&_=1776407974855,/TEST/api/v1/_submissions?status=1&assignedTo=-1&searchPhrase=&count=30&offset=0&_=1776407974855,1776407975,200,normal,,
10.34.239.41,GET,/TEST/api/v1/_submissions?status%5B%5D=4&status%5B%5D=3&status%5B%5D=5&searchPhrase=&count=30&offset=0&_=1776407974857,/TEST/api/v1/_submissions?status[]=4&status[]=3&status[]=5&searchPhrase=&count=30&offset=0&_=1776407974857,1776407975,200,normal,,
10.34.239.41,GET,/TEST/api/v1/_submissions?status=1&searchPhrase=&count=30&offset=0&_=1776407974856,/TEST/api/v1/_submissions?status=1&searchPhrase=&count=30&offset=0&_=1776407974856,1776407975,200,normal,,
10.34.239.41,GET,/TEST/api/v1/_submissions?status=1&assignedTo%5B%5D=1&searchPhrase=%3C%3E&count=30&offset=0&_=1776407974858,/TEST/api/v1/_submissions?status=1&assignedTo[]=1&searchPhrase=<>&count=30&offset=0&_=1776407974858,1776407979,200,normal,,
10.34.239.41,GET,/TEST/api/v1/_submissions?status=1&assignedTo%5B%5D=1&searchPhrase=%3Cscii%3E&count=30&offset=0&_=1776407974859,/TEST/api/v1/_submissions?status=1&assignedTo[]=1&searchPhrase=<scii>&count=30&offset=0&_=1776407974859,1776407981,200,normal,,
10.34.239.41,GET,/TEST/api/v1/_submissions?status=1&assignedTo%5B%5D=1&searchPhrase=%3Csc%3E&count=30&offset=0&_=1776407974860,/TEST/api/v1/_submissions?status=1&assignedTo[]=1&searchPhrase=<sc>&count=30&offset=0&_=1776407974860,1776407982,200,normal,,
10.34.239.41,GET,/TEST/api/v1/_submissions?status=1&assignedTo%5B%5D=1&searchPhrase=%3E&count=30&offset=0&_=1776407974861,/TEST/api/v1/_submissions?status=1&assignedTo[]=1&searchPhrase=>&count=30&offset=0&_=1776407974861,1776407982,200,normal,,
10.34.239.41,GET,/TEST/workflow/access/2,/TEST/workflow/access/2,1776407986,302,normal,,
10.34.239.41,GET,/TEST/workflow/index/2/1,/TEST/workflow/index/2/1,1776407986,200,normal,,
10.34.239.41,POST,/TEST/notification/fetchNotification,/TEST/notification/fetchNotification,1776407987,200,normal,,
10.34.239.41,GET,/TEST/workflow/submissionProgressBar?submissionId=2&stageId=1&contextId=submission&_=1776407986869,/TEST/workflow/submissionProgressBar?submissionId=2&stageId=1&contextId=submission&_=1776407986869,1776407987,200,normal,,
10.34.239.41,GET,/TEST/$$$call$$$/tab/workflow/workflow-tab/fetch-tab?submissionId=2&stageId=1&_=1776407986870,/TEST/$$$call$$$/tab/workflow/workflow-tab/fetch-tab?submissionId=2&stageId=1&_=1776407986870,1776407987,200,normal,,
10.34.239.41,GET,/TEST/$$$call$$$/grid/files/submission/editor-submission-details-files-grid/fetch-grid?submissionId=2&stageId=1&_=1776407986873,/TEST/$$$call$$$/grid/files/submission/editor-submission-details-files-grid/fetch-grid?submissionId=2&stageId=1&_=1776407986873,1776407987,200,normal,,
10.34.239.41,GET,/TEST/workflow/editorDecisionActions?submissionId=2&stageId=1&contextId=submission&_=1776407986871,/TEST/workflow/editorDecisionActions?submissionId=2&stageId=1&contextId=submission&_=1776407986871,1776407987,200,normal,,
10.34.239.41,GET,/TEST/$$$call$$$/grid/users/stage-participant/stage-participant-grid/fetch-grid?submissionId=2&stageId=1&_=1776407986872,/TEST/$$$call$$$/grid/users/stage-participant/stage-participant-grid/fetch-grid?submissionId=2&stageId=1&_=1776407986872,1776407987,200,normal,,
10.34.239.41,GET,/TEST/$$$call$$$/grid/queries/queries-grid/fetch-grid?submissionId=2&stageId=1&_=1776407986874,/TEST/$$$call$$$/grid/queries/queries-grid/fetch-grid?submissionId=2&stageId=1&_=1776407986874,1776407987,200,normal,,
10.34.239.41,GET,/TEST/$$$call$$$/grid/users/author/author-grid/fetch-grid?submissionId=2&publicationId=2&_=1776407986875,/TEST/$$$call$$$/grid/users/author/author-grid/fetch-grid?submissionId=2&publicationId=2&_=1776407986875,1776407988,200,normal,,
10.34.239.41,GET,/TEST/$$$call$$$/grid/article-galleys/article-galley-grid/fetch-grid?submissionId=2&publicationId=2&_=1776407986876,/TEST/$$$call$$$/grid/article-galleys/article-galley-grid/fetch-grid?submissionId=2&publicationId=2&_=1776407986876,1776407988,200,normal,,
10.34.239.41,GET,/TEST/$$$call$$$/tab/workflow/workflow-tab/fetch-tab?submissionId=2&stageId=3&_=1776407986877,/TEST/$$$call$$$/tab/workflow/workflow-tab/fetch-tab?submissionId=2&stageId=3&_=1776407986877,1776407994,200,normal,,
10.34.239.41,GET,/TEST/$$$call$$$/tab/workflow/workflow-tab/fetch-tab?submissionId=2&stageId=4&_=1776407986878,/TEST/$$$call$$$/tab/workflow/workflow-tab/fetch-tab?submissionId=2&stageId=4&_=1776407986878,1776407996,200,normal,,
10.34.239.41,POST,/TEST/notification/fetchNotification,/TEST/notification/fetchNotification,1776407996,200,normal,,
10.34.239.41,GET,/TEST/$$$call$$$/grid/users/stage-participant/stage-participant-grid/fetch-grid?submissionId=2&stageId=4&_=1776407986880,/TEST/$$$call$$$/grid/users/stage-participant/stage-participant-grid/fetch-grid?submissionId=2&stageId=4&_=1776407986880,1776407996,200,normal,,
10.34.239.41,GET,/TEST/$$$call$$$/grid/queries/queries-grid/fetch-grid?submissionId=2&stageId=4&_=1776407986882,/TEST/$$$call$$$/grid/queries/queries-grid/fetch-grid?submissionId=2&stageId=4&_=1776407986882,1776407996,200,normal,,
10.34.239.41,GET,/TEST/$$$call$$$/grid/files/copyedit/copyedit-files-grid/fetch-grid?submissionId=2&stageId=4&_=1776407986883,/TEST/$$$call$$$/grid/files/copyedit/copyedit-files-grid/fetch-grid?submissionId=2&stageId=4&_=1776407986883,1776407996,200,normal,,
10.34.239.41,GET,/TEST/$$$call$$$/grid/files/final/final-draft-files-grid/fetch-grid?submissionId=2&stageId=4&_=1776407986881,/TEST/$$$call$$$/grid/files/final/final-draft-files-grid/fetch-grid?submissionId=2&stageId=4&_=1776407986881,1776407996,200,normal,,
10.34.239.41,GET,/TEST/workflow/editorDecisionActions?submissionId=2&stageId=4&_=1776407986879,/TEST/workflow/editorDecisionActions?submissionId=2&stageId=4&_=1776407986879,1776407996,200,normal,,
10.34.239.41,GET,/TEST/$$$call$$$/tab/workflow/workflow-tab/fetch-tab?submissionId=2&stageId=3&_=1776407986884,/TEST/$$$call$$$/tab/workflow/workflow-tab/fetch-tab?submissionId=2&stageId=3&_=1776407986884,1776408005,200,normal,,
10.34.239.41,GET,/TEST/$$$call$$$/tab/workflow/workflow-tab/fetch-tab?submissionId=2&stageId=1&_=1776407986885,/TEST/$$$call$$$/tab/workflow/workflow-tab/fetch-tab?submissionId=2&stageId=1&_=1776407986885,1776408006,200,normal,,
10.34.239.41,GET,/TEST/$$$call$$$/grid/users/stage-participant/stage-participant-grid/fetch-grid?submissionId=2&stageId=1&_=1776407986887,/TEST/$$$call$$$/grid/users/stage-participant/stage-participant-grid/fetch-grid?submissionId=2&stageId=1&_=1776407986887,1776408006,200,normal,,
10.34.239.41,GET,/TEST/$$$call$$$/grid/files/submission/editor-submission-details-files-grid/fetch-grid?submissionId=2&stageId=1&_=1776407986888,/TEST/$$$call$$$/grid/files/submission/editor-submission-details-files-grid/fetch-grid?submissionId=2&stageId=1&_=1776407986888,1776408006,200,normal,,
10.34.239.41,GET,/TEST/$$$call$$$/grid/queries/queries-grid/fetch-grid?submissionId=2&stageId=1&_=1776407986889,/TEST/$$$call$$$/grid/queries/queries-grid/fetch-grid?submissionId=2&stageId=1&_=1776407986889,1776408006,200,normal,,
10.34.239.41,GET,/TEST/workflow/editorDecisionActions?submissionId=2&stageId=1&contextId=submission&_=1776407986886,/TEST/workflow/editorDecisionActions?submissionId=2&stageId=1&contextId=submission&_=1776407986886,1776408006,200,normal,,
10.34.239.41,POST,/TEST/$$$call$$$/grid/files/submission/editor-submission-details-files-grid/fetch-grid?submissionId=2&stageId=1&fileStage=2,/TEST/$$$call$$$/grid/files/submission/editor-submission-details-files-grid/fetch-grid?submissionId=2&stageId=1&fileStage=2,1776408009,200,malicious,attack-generic|attack-xss|attack-protocol,18
10.34.239.41,GET,/TEST/management/settings/context,/TEST/management/settings/context,1776408017,200,normal,,
10.34.239.41,GET,/lib/pkp/lib/vendor/tinymce/tinymce/plugins/code/plugin.min.js,/lib/pkp/lib/vendor/tinymce/tinymce/plugins/code/plugin.min.js,1776408017,200,normal,,
10.34.239.41,GET,/lib/pkp/lib/vendor/tinymce/tinymce/plugins/lists/plugin.min.js,/lib/pkp/lib/vendor/tinymce/tinymce/plugins/lists/plugin.min.js,1776408017,200,normal,,
10.34.239.41,GET,/lib/pkp/lib/vendor/tinymce/tinymce/plugins/image/plugin.min.js,/lib/pkp/lib/vendor/tinymce/tinymce/plugins/image/plugin.min.js,1776408017,200,normal,,
10.34.239.41,GET,/lib/pkp/lib/vendor/tinymce/tinymce/plugins/code/plugin.min.js,/lib/pkp/lib/vendor/tinymce/tinymce/plugins/code/plugin.min.js,1776408017,200,normal,,
10.34.239.41,GET,/TEST/$$$call$$$/grid/settings/category/category-category-grid/fetch-grid?_=1776408017127,/TEST/$$$call$$$/grid/settings/category/category-category-grid/fetch-grid?_=1776408017127,1776408017,200,normal,,
10.34.239.41,GET,/lib/pkp/lib/vendor/tinymce/tinymce/plugins/image/plugin.min.js,/lib/pkp/lib/vendor/tinymce/tinymce/plugins/image/plugin.min.js,1776408017,200,normal,,
10.34.239.41,GET,/lib/pkp/lib/vendor/tinymce/tinymce/plugins/lists/plugin.min.js,/lib/pkp/lib/vendor/tinymce/tinymce/plugins/lists/plugin.min.js,1776408017,200,normal,,
10.34.239.41,GET,/TEST/$$$call$$$/grid/settings/sections/section-grid/fetch-grid?_=1776408017126,/TEST/$$$call$$$/grid/settings/sections/section-grid/fetch-grid?_=1776408017126,1776408017,200,normal,,
10.34.239.41,GET,/lib/pkp/lib/vendor/tinymce/tinymce/skins/lightgray/fonts/tinymce.woff,/lib/pkp/lib/vendor/tinymce/tinymce/skins/lightgray/fonts/tinymce.woff,1776408017,200,normal,,
10.34.239.41,GET,/TEST/stats/publications/publications,/TEST/stats/publications/publications,1776408024,200,normal,,
10.34.239.41,GET,/TEST/api/v1/stats/publications?count=30&offset=0&dateStart=2026-03-17&dateEnd=2026-04-16&timelineInterval=day&orderBy=total&orderDirection=DESC,/TEST/api/v1/stats/publications?count=30&offset=0&dateStart=2026-03-17&dateEnd=2026-04-16&timelineInterval=day&orderBy=total&orderDirection=DESC,1776408024,200,normal,,
10.34.239.41,GET,/TEST/stats/editorial/editorial,/TEST/stats/editorial/editorial,1776408031,200,normal,,
10.34.239.41,GET,/TEST/stats/users/users,/TEST/stats/users/users,1776408033,200,normal,,
10.34.239.41,GET,/TEST/stats/reports,/TEST/stats/reports,1776408034,200,normal,,
10.34.239.41,GET,/TEST/index,/TEST/index,1776408038,200,normal,,
10.34.239.41,GET,/TEST/search,/TEST/search,1776408041,200,normal,,
10.34.239.41,GET,/TEST/search/index?query=+%3Cscript%3Ealert%28%27Test_XSS%27%29%3C%2Fscript%3E+&dateFromYear=&dateFromMonth=&dateFromDay=&dateToYear=&dateToMonth=&dateToDay=&authors=,/TEST/search/index?query=+<script>alert('Test_XSS')</script>+&dateFromYear=&dateFromMonth=&dateFromDay=&dateToYear=&dateToMonth=&dateToDay=&authors=,1776408044,200,malicious,attack-generic|attack-xss|attack-protocol,18
10.34.239.41,GET,/TEST/search/index?query=%3Cscript%3Ealert%28%27Test_XSS%27%29%3C%2Fscript%3E&dateFromYear=&dateFromMonth=&dateFromDay=&dateToYear=&dateToMonth=&dateToDay=&authors=,/TEST/search/index?query=<script>alert('Test_XSS')</script>&dateFromYear=&dateFromMonth=&dateFromDay=&dateToYear=&dateToMonth=&dateToDay=&authors=,1776408092,200,malicious,attack-generic|attack-xss|attack-protocol,28
10.34.239.41,GET,/TEST/search/index?query=%3Cscript%3Ealert%28%27Test_XSS%27%29%3C%2Fscript%3E&dateFromYear=&dateFromMonth=&dateFromDay=&dateToYear=&dateToMonth=&dateToDay=&authors=,/TEST/search/index?query=<script>alert('Test_XSS')</script>&dateFromYear=&dateFromMonth=&dateFromDay=&dateToYear=&dateToMonth=&dateToDay=&authors=,1776408094,200,malicious,attack-generic|attack-xss|attack-protocol,28
